{
    "ingredients": [
        {
            "name": "almonds",
            "img": "https://images.unsplash.com/photo-1508061253366-f7da158b6d46?ixlib=rb-1.2.1&auto=format&fit=crop&w=2100&q=80"
        },
        {
            "name": "apple",
            "img": "https://images.unsplash.com/photo-1551445523-324a0fdab051?ixlib=rb-1.2.1&ixid=eyJhcHBfaWQiOjEyMDd9&auto=format&fit=crop&w=932&q=80"
        },
        {
            "name": "avocado",
            "img": "https://images.unsplash.com/photo-1557925922-dac32ff4429f?ixlib=rb-1.2.1&ixid=eyJhcHBfaWQiOjEyMDd9&auto=format&fit=crop&w=933&q=80"
        },
        {
            "name": "bacon",
            "img": "https://images.unsplash.com/photo-1592086326871-f7cf2f1801ae?ixlib=rb-1.2.1&ixid=eyJhcHBfaWQiOjEyMDd9&auto=format&fit=crop&w=2250&q=80"
        },
        {
            "name": "banana",
            "img": "https://images.unsplash.com/photo-1571771894821-ce9b6c11b08e?ixlib=rb-1.2.1&ixid=eyJhcHBfaWQiOjEyMDd9&auto=format&fit=crop&w=1400&q=80"
        },
        {
            "name": "basmati rice",
            "img": "https://images.unsplash.com/photo-1536304993881-ff6e9eefa2a6?ixlib=rb-1.2.1&ixid=eyJhcHBfaWQiOjEyMDd9&auto=format&fit=crop&w=2250&q=80"
        },
        {
            "name": "Bay Leaves",
            "img": "https://images.unsplash.com/photo-1462374382194-b17428f8c5c4?ixlib=rb-1.2.1&ixid=eyJhcHBfaWQiOjEyMDd9&auto=format&fit=crop&w=2100&q=80"
        },
        {
            "name": "beans",
            "img": "https://images.unsplash.com/photo-1506620780696-e5cb6c54524e?ixlib=rb-1.2.1&ixid=eyJhcHBfaWQiOjEyMDd9&auto=format&fit=crop&w=2250&q=80"
        },
        {
            "name": "beef",
            "img": "https://images.unsplash.com/photo-1556269923-e4ef51d69638?ixlib=rb-1.2.1&ixid=eyJhcHBfaWQiOjEyMDd9&auto=format&fit=crop&w=1942&q=80"
        },
        {
            "name": "bell pepper",
            "img": "https://images.unsplash.com/photo-1587656221664-37e89ddebbf6?ixlib=rb-1.2.1&auto=format&fit=crop&w=975&q=80"
        },
        {
            "name": "blueberries",
            "img": "https://images.unsplash.com/photo-1425934398893-310a009a77f9?ixlib=rb-1.2.1&ixid=eyJhcHBfaWQiOjEyMDd9&auto=format&fit=crop&w=2000&q=80"
        },
        {
            "name": "bok choy",
            "img": "https://images.unsplash.com/photo-1511993226957-cd166aba52d8?ixlib=rb-1.2.1&ixid=eyJhcHBfaWQiOjEyMDd9&auto=format&fit=crop&w=943&q=80"
        },
        {
            "name": "bread",
            "img": "https://images.unsplash.com/photo-1549931319-a545dcf3bc73?ixlib=rb-1.2.1&ixid=eyJhcHBfaWQiOjEyMDd9&auto=format&fit=crop&w=2250&q=80"
        },
        {
            "name": "brie",
            "img": "https://images.unsplash.com/photo-1584390572125-55f08d0bf3b0?ixlib=rb-1.2.1&ixid=eyJhcHBfaWQiOjEyMDd9&auto=format&fit=crop&w=934&q=80"
        },
        {
            "name": "broccoli",
            "img": "https://images.unsplash.com/photo-1518164147695-36c13dd568f5?ixlib=rb-1.2.1&ixid=eyJhcHBfaWQiOjEyMDd9&auto=format&fit=crop&w=1400&q=80"
        },
        {
            "name": "cabbage",
            "img": "https://images.unsplash.com/photo-1578208895671-29d47f61294e?ixlib=rb-1.2.1&ixid=eyJhcHBfaWQiOjEyMDd9&auto=format&fit=crop&w=1934&q=80"
        },
        {
            "name": "cardamom",
            "img": "https://images.unsplash.com/photo-1541533693007-7ea47d894b0c?ixlib=rb-1.2.1&ixid=eyJhcHBfaWQiOjEyMDd9&auto=format&fit=crop&w=976&q=80"
        },
        {
            "name": "carrots",
            "img": "https://images.unsplash.com/photo-1445282768818-728615cc910a?ixlib=rb-1.2.1&ixid=eyJhcHBfaWQiOjEyMDd9&auto=format&fit=crop&w=2250&q=80"
        },
        {
            "name": "cauliflower",
            "img": "https://images.unsplash.com/photo-1568584952634-e9bb8a163e28?ixlib=rb-1.2.1&ixid=eyJhcHBfaWQiOjEyMDd9&auto=format&fit=crop&w=2252&q=80"
        },
        {
            "name": "cheddar",
            "img": "https://images.unsplash.com/photo-1589881133595-a3c085cb731d?ixlib=rb-1.2.1&ixid=eyJhcHBfaWQiOjEyMDd9&auto=format&fit=crop&w=1301&q=80"
        },
        {
            "name": "cheese",
            "img": "https://images.unsplash.com/photo-1558221693-89a565d7ecd8?ixlib=rb-1.2.1&ixid=eyJhcHBfaWQiOjEyMDd9&auto=format&fit=crop&w=975&q=80"
        }
    ],
    "dishes": [
        {
            "name": "Katsu",
            "img": "https://images.unsplash.com/photo-1569050467447-ce54b3bbc37d?ixlib=rb-1.2.1&ixid=eyJhcHBfaWQiOjEyMDd9&auto=format&fit=crop&w=1300&q=80"
        },
        {
            "name": "Sushi",
            "img": "https://images.unsplash.com/photo-1579871494447-9811cf80d66c?ixlib=rb-1.2.1&ixid=eyJhcHBfaWQiOjEyMDd9&auto=format&fit=crop&w=2250&q=80"
        },
        {
            "name": "Crepes",
            "img": "https://images.unsplash.com/photo-1515467837915-15c4777ba46a?ixlib=rb-1.2.1&ixid=eyJhcHBfaWQiOjEyMDd9&auto=format&fit=crop&w=2253&q=80"
        },
        {
            "name": "Pancakes",
            "img": "https://images.unsplash.com/photo-1541288097308-7b8e3f58c4c6?ixlib=rb-1.2.1&ixid=eyJhcHBfaWQiOjEyMDd9&auto=format&fit=crop&w=2250&q=80"
        },
        {
            "name": "Khao Soi",
            "img": "https://images.unsplash.com/photo-1514540746696-d285708190bb?ixlib=rb-1.2.1&ixid=eyJhcHBfaWQiOjEyMDd9&auto=format&fit=crop&w=934&q=80"
        },
        {
            "name": "Udon",
            "img": "https://images.unsplash.com/photo-1558985212-324add95595a?ixlib=rb-1.2.1&ixid=eyJhcHBfaWQiOjEyMDd9&auto=format&fit=crop&w=934&q=80"
        },
        {
            "name": "Bowls",
            "img": "https://images.unsplash.com/photo-1533244769204-d345e73a30c1?ixlib=rb-1.2.1&ixid=eyJhcHBfaWQiOjEyMDd9&auto=format&fit=crop&w=1980&q=80"
        },
        {
            "name": "Shakshuka",
            "img": "https://images.unsplash.com/photo-1590412200988-a436970781fa?ixlib=rb-1.2.1&ixid=eyJhcHBfaWQiOjEyMDd9&auto=format&fit=crop&w=975&q=80"
        },
        {
            "name": "Ropa Vieja",
            "img": "https://images.unsplash.com/photo-1523986490752-c28064f26be3?ixlib=rb-1.2.1&ixid=eyJhcHBfaWQiOjEyMDd9&auto=format&fit=crop&w=2100&q=80"
        },
        {
            "name": "Kefta",
            "img": "https://images.unsplash.com/photo-1520218508822-998633d997e6?ixlib=rb-1.2.1&ixid=eyJhcHBfaWQiOjEyMDd9&auto=format&fit=crop&w=934&q=80"
        },
        {
            "name": "Cuban Mojo",
            "img": "https://images.unsplash.com/photo-1567953921490-6f671d196d1d?ixlib=rb-1.2.1&ixid=eyJhcHBfaWQiOjEyMDd9&auto=format&fit=crop&w=975&q=80"
        },
        {
            "name": "Pad thai",
            "img": "https://images.unsplash.com/photo-1559314809-0d155014e29e?ixlib=rb-1.2.1&ixid=eyJhcHBfaWQiOjEyMDd9&auto=format&fit=crop&w=2250&q=80"
        },
        {
            "name": "Lasagna",
            "img": "https://images.unsplash.com/photo-1581904243918-7aac00cefed2?ixlib=rb-1.2.1&ixid=eyJhcHBfaWQiOjEyMDd9&auto=format&fit=crop&w=933&q=80"
        }
    ],
    "cuisines": [
        {
            "name": "American",
            "img": "https://images.unsplash.com/photo-1466978913421-dad2ebd01d17?ixlib=rb-1.2.1&ixid=eyJhcHBfaWQiOjEyMDd9&auto=format&fit=crop&w=1934&q=80"
        },
        {
            "name": "Southern",
            "img": "https://images.unsplash.com/photo-1574025343720-8eaa3bb9be37?ixlib=rb-1.2.1&ixid=eyJhcHBfaWQiOjEyMDd9&auto=format&fit=crop&w=2689&q=80"
        },
        {
            "name": "Chinese",
            "img": "https://images.unsplash.com/photo-1563245372-f21724e3856d?ixlib=rb-1.2.1&auto=format&fit=crop&w=2329&q=80"
        },
        {
            "name": "Cuban",
            "img": "https://images.unsplash.com/photo-1574803636191-b2bbb307e9c6?ixlib=rb-1.2.1&ixid=eyJhcHBfaWQiOjEyMDd9&auto=format&fit=crop&w=942&q=80"
        },
        {
            "name": "French",
            "img": "https://images.unsplash.com/photo-1571157577110-493b325fdd3d?ixlib=rb-1.2.1&auto=format&fit=crop&w=934&q=80"
        },
        {
            "name": "German",
            "img": "https://images.unsplash.com/photo-1568486504489-9e70d75313b8?ixlib=rb-1.2.1&ixid=eyJhcHBfaWQiOjEyMDd9&auto=format&fit=crop&w=934&q=80"
        },
        {
            "name": "Greek",
            "img": "https://images.unsplash.com/photo-1529006557810-274b9b2fc783?ixlib=rb-1.2.1&auto=format&fit=crop&w=2255&q=80"
        },
        {
            "name": "Hungarian",
            "img": "https://images.unsplash.com/photo-1527976746453-f363eac4d889?ixlib=rb-1.2.1&auto=format&fit=crop&w=2689&q=80"
        },
        {
            "name": "Indian",
            "img": "https://images.unsplash.com/photo-1565557623262-b51c2513a641?ixlib=rb-1.2.1&ixid=eyJhcHBfaWQiOjEyMDd9&auto=format&fit=crop&w=2724&q=80"
        },
        {
            "name": "Italian",
            "img": "https://images.unsplash.com/photo-1555072956-7758afb20e8f?ixlib=rb-1.2.1&auto=format&fit=crop&w=934&q=80"
        },
        {
            "name": "Japanese",
            "img": "https://images.unsplash.com/photo-1519077204685-ed90d0cc05b7?ixlib=rb-1.2.1&ixid=eyJhcHBfaWQiOjEyMDd9&auto=format&fit=crop&w=2689&q=80"
        },
        {
            "name": "Mediterrean",
            "img": "https://images.unsplash.com/photo-1565560665129-4831aa15206c?ixlib=rb-1.2.1&auto=format&fit=crop&w=975&q=80"
        },
        {
            "name": "Mexican",
            "img": "https://images.unsplash.com/photo-1582234372722-50d7ccc30ebd?ixlib=rb-1.2.1&ixid=eyJhcHBfaWQiOjEyMDd9&auto=format&fit=crop&w=1400&q=80"
        },
        {
            "name": "Moroccan",
            "img": "https://images.unsplash.com/photo-1517314597476-e1788060b6cb?ixlib=rb-1.2.1&ixid=eyJhcHBfaWQiOjEyMDd9&auto=format&fit=crop&w=933&q=80"
        },
        {
            "name": "Portuguese",
            "img": "https://images.unsplash.com/photo-1591107576521-87091dc07797?ixlib=rb-1.2.1&ixid=eyJhcHBfaWQiOjEyMDd9&auto=format&fit=crop&w=2250&q=80"
        },
        {
            "name": "Southwestern",
            "img": "https://images.unsplash.com/photo-1586561945641-98a839abd3f7?ixlib=rb-1.2.1&ixid=eyJhcHBfaWQiOjEyMDd9&auto=format&fit=crop&w=2250&q=80"
        },
        {
            "name": "Spanish",
            "img": "https://images.unsplash.com/photo-1571167366136-b57e07761625?ixlib=rb-1.2.1&auto=format&fit=crop&w=975&q=80"
        },
        {
            "name": "Thai",
            "img": "https://images.unsplash.com/photo-1562565651-7d4948f339eb?ixlib=rb-1.2.1&ixid=eyJhcHBfaWQiOjEyMDd9&auto=format&fit=crop&w=2689&q=80"
        },
        {
            "name": "European",
            "img": "https://images.unsplash.com/photo-1561668048-fe9c092832e0?ixlib=rb-1.2.1&auto=format&fit=crop&w=2102&q=80"
        },
        {
            "name": "Asian",
            "img": "https://images.unsplash.com/photo-1496116218417-1a781b1c416c?ixlib=rb-1.2.1&ixid=eyJhcHBfaWQiOjEyMDd9&auto=format&fit=crop&w=2250&q=80"
        }
    ]
}