{
    "ingredients": [
        {
            "name": "Avocado",
            "img": "https://images.unsplash.com/photo-1557925922-dac32ff4429f?ixlib=rb-1.2.1&ixid=eyJhcHBfaWQiOjEyMDd9&auto=format&fit=crop&w=2671&q=80",
            "cuisines": [
                "Mexican",
                "Southwestern"
            ],
            "diet": "Vegan"
        },
        {
            "name": "Bacon",
            "img": "https://images.unsplash.com/photo-1592086326871-f7cf2f1801ae?ixlib=rb-1.2.1&ixid=eyJhcHBfaWQiOjEyMDd9&auto=format&fit=crop&w=2850&q=80",
            "cuisines": [
                "None"
            ],
            "diet": "None"
        },
        {
            "name": "Beans",
            "img": "https://images.unsplash.com/photo-1580979443662-13a976bd7632?ixlib=rb-1.2.1&ixid=eyJhcHBfaWQiOjEyMDd9&auto=format&fit=crop&w=2777&q=80",
            "cuisines": [
                "None"
            ],
            "diet": "Vegan"
        },
        {
            "name": "Beef",
            "img": "https://images.unsplash.com/photo-1556269923-e4ef51d69638?ixlib=rb-1.2.1&ixid=eyJhcHBfaWQiOjEyMDd9&auto=format&fit=crop&w=2771&q=80",
            "cuisines": [
                "None"
            ],
            "diet": "None"
        },
        {
            "name": "Bell pepper",
            "img": "https://images.unsplash.com/photo-1587656221664-37e89ddebbf6?ixlib=rb-1.2.1&auto=format&fit=crop&w=975&q=80",
            "cuisines": [
                "None"
            ],
            "diet": "Vegan"
        },
        {
            "name": "Bok choy",
            "img": "https://images.unsplash.com/photo-1585162535710-bb6a1bb0f1de?ixlib=rb-1.2.1&ixid=eyJhcHBfaWQiOjEyMDd9&auto=format&fit=crop&w=2850&q=80",
            "cuisines": [
                "Asian",
                "Chinese",
                "Japanese",
                "Thai"
            ],
            "diet": "Vegan"
        },
        {
            "name": "Bread",
            "img": "https://images.unsplash.com/photo-1549931319-a545dcf3bc73?ixlib=rb-1.2.1&ixid=eyJhcHBfaWQiOjEyMDd9&auto=format&fit=crop&w=2850&q=80",
            "cuisines": [
                "None"
            ],
            "diet": "Vegan"
        },
        {
            "name": "Broccoli",
            "img": "https://images.unsplash.com/photo-1518164147695-36c13dd568f5?ixlib=rb-1.2.1&ixid=eyJhcHBfaWQiOjEyMDd9&auto=format&fit=crop&w=2800&q=80",
            "cuisines": [
                "Asian",
                "Chinese",
                "Japanese",
                "Thai"
            ],
            "diet": "Vegan"
        },
        {
            "name": "Cabbage",
            "img": "https://images.unsplash.com/photo-1578208895671-29d47f61294e?ixlib=rb-1.2.1&ixid=eyJhcHBfaWQiOjEyMDd9&auto=format&fit=crop&w=2767&q=80",
            "cuisines": [
                "None"
            ],
            "diet": "Vegan"
        },
        {
            "name": "Carrots",
            "img": "https://images.unsplash.com/photo-1590848791238-fb3596a2ba56?ixlib=rb-1.2.1&ixid=eyJhcHBfaWQiOjEyMDd9&auto=format&fit=crop&w=2850&q=80",
            "cuisines": [
                "None"
            ],
            "diet": "Vegan"
        },
        {
            "name": "Cauliflower",
            "img": "https://images.unsplash.com/photo-1568584952634-e9bb8a163e28?ixlib=rb-1.2.1&ixid=eyJhcHBfaWQiOjEyMDd9&auto=format&fit=crop&w=2852&q=80",
            "cuisines": [
                "Indian"
            ],
            "diet": "Vegan"
        },
        {
            "name": "Cheddar",
            "img": "https://unsplash.com/photos/n-QvF3vyf5M",
            "cuisines": [
                "American"
            ],
            "diet": "Vegetarian"
        },
        {
            "name": "Cheese",
            "img": "https://images.unsplash.com/photo-1558221693-89a565d7ecd8?ixlib=rb-1.2.1&ixid=eyJhcHBfaWQiOjEyMDd9&auto=format&fit=crop&w=975&q=80",
            "cuisines": [
                "None"
            ],
            "diet": "Vegetarian"
        },
        {
            "name": "Chicken breast",
            "img": "https://images.unsplash.com/photo-1516684669134-de6f7c473a2a?ixlib=rb-1.2.1&ixid=eyJhcHBfaWQiOjEyMDd9&auto=format&fit=crop&w=2734&q=80",
            "cuisines": [
                "None"
            ],
            "diet": "None"
        },
        {
            "name": "Chicken stock",
            "img": "https://images.unsplash.com/photo-1554136512-5d996b22f5fa?ixlib=rb-1.2.1&ixid=eyJhcHBfaWQiOjEyMDd9&auto=format&fit=crop&w=2800&q=80",
            "cuisines": [
                "None"
            ],
            "diet": "None"
        },
        {
            "name": "Chicken thigh",
            "img": "https://images.unsplash.com/photo-1532550907401-a500c9a57435?ixlib=rb-1.2.1&ixid=eyJhcHBfaWQiOjEyMDd9&auto=format&fit=crop&w=2100&q=80",
            "cuisines": [
                "None"
            ],
            "diet": "None"
        },
        {
            "name": "Cod",
            "img": "https://images.unsplash.com/photo-1579631542761-d7c4e913f8d4?ixlib=rb-1.2.1&ixid=eyJhcHBfaWQiOjEyMDd9&auto=format&fit=crop&w=2851&q=80",
            "cuisines": [
                "None"
            ],
            "diet": "Pescatarian"
        },
        {
            "name": "Corn",
            "img": "https://images.unsplash.com/photo-1578652903016-b78571b87410?ixlib=rb-1.2.1&ixid=eyJhcHBfaWQiOjEyMDd9&auto=format&fit=crop&w=2734&q=80",
            "cuisines": [
                "Mexican",
                "Southwestern"
            ],
            "diet": "Vegan"
        },
        {
            "name": "Cucumber",
            "img": "https://images.unsplash.com/photo-1589621316382-008455b857cd?ixlib=rb-1.2.1&ixid=eyJhcHBfaWQiOjEyMDd9&auto=format&fit=crop&w=2850&q=80",
            "cuisines": [
                "None"
            ],
            "diet": "Vegan"
        },
        {
            "name": "Eggs",
            "img": "https://images.unsplash.com/photo-1509479100390-f83a8349e79c?ixlib=rb-1.2.1&auto=format&fit=crop&w=2850&q=80",
            "cuisines": [
                "None"
            ],
            "diet": "Vegetarian"
        },
        {
            "name": "Fish",
            "img": "https://images.unsplash.com/photo-1535461064904-2866de140568?ixlib=rb-1.2.1&ixid=eyJhcHBfaWQiOjEyMDd9&auto=format&fit=crop&w=2734&q=80",
            "cuisines": [
                "None"
            ],
            "diet": "Pescatarian"
        },
        {
            "name": "Fish sauce",
            "img": "https://images.unsplash.com/photo-1510808052173-32bd048cc8f3?ixlib=rb-1.2.1&auto=format&fit=crop&w=2850&q=80",
            "cuisines": [
                "Asian",
                "Chinese",
                "Japanese",
                "Thai"
            ],
            "diet": "Pescatarian"
        },
        {
            "name": "Flour",
            "img": "https://images.unsplash.com/photo-1565607052745-35f8c6ba59b1?ixlib=rb-1.2.1&auto=format&fit=crop&w=2721&q=80",
            "cuisines": [
                "None"
            ],
            "diet": "Vegan"
        },
        {
            "name": "Flour tortillas",
            "img": "https://images.unsplash.com/photo-1583898791652-5e8b960710bd?ixlib=rb-1.2.1&ixid=eyJhcHBfaWQiOjEyMDd9&auto=format&fit=crop&w=2850&q=80",
            "cuisines": [
                "Mexican",
                "Southwestern"
            ],
            "diet": "Vegan"
        },
        {
            "name": "Fruit",
            "img": "https://images.unsplash.com/photo-1586999528871-ded77bc9656c?ixlib=rb-1.2.1&ixid=eyJhcHBfaWQiOjEyMDd9&auto=format&fit=crop&w=1001&q=80",
            "cuisines": [
                "None"
            ],
            "diet": "Vegan"
        },
        {
            "name": "Goat Cheese",
            "img": "https://images.unsplash.com/photo-1559141234-794de31e3036?ixlib=rb-1.2.1&ixid=eyJhcHBfaWQiOjEyMDd9&auto=format&fit=crop&w=2767&q=80",
            "cuisines": [
                "None"
            ],
            "diet": "Vegetarian"
        },
        {
            "name": "Green beans",
            "img": "https://images.unsplash.com/photo-1558024083-31acc7b7b64a?ixlib=rb-1.2.1&ixid=eyJhcHBfaWQiOjEyMDd9&auto=format&fit=crop&w=2691&q=80",
            "cuisines": [
                "None"
            ],
            "diet": "Vegan"
        },
        {
            "name": "Ground beef",
            "img": "https://images.unsplash.com/photo-1579366948929-444eb79881eb?ixlib=rb-1.2.1&auto=format&fit=crop&w=2800&q=80",
            "cuisines": [
                "None"
            ],
            "diet": "None"
        },
        {
            "name": "Ground turkey",
            "img": "https://images.pexels.com/photos/2757176/pexels-photo-2757176.jpeg?auto=compress&cs=tinysrgb&dpr=3&h=750&w=1260",
            "cuisines": [
                "None"
            ],
            "diet": "None"
        },
        {
            "name": "Ham",
            "img": "https://images.unsplash.com/photo-1524438418049-ab2acb7aa48f?ixlib=rb-1.2.1&auto=format&fit=crop&w=2850&q=80",
            "cuisines": [
                "None"
            ],
            "diet": "None"
        },
        {
            "name": "Jasmine rice",
            "img": "https://images.unsplash.com/photo-1536304993881-ff6e9eefa2a6?ixlib=rb-1.2.1&ixid=eyJhcHBfaWQiOjEyMDd9&auto=format&fit=crop&w=2850&q=80",
            "cuisines": [
                "Indian",
                "Asian",
                "Chinese",
                "Japanese",
                "Thai"
            ],
            "diet": "Vegan"
        },
        {
            "name": "Kale",
            "img": "https://images.unsplash.com/photo-1522193582792-c66cf1cddd16?ixlib=rb-1.2.1&ixid=eyJhcHBfaWQiOjEyMDd9&auto=format&fit=crop&w=2850&q=80",
            "cuisines": [
                "None"
            ],
            "diet": "Vegan"
        },
        {
            "name": "Lettuce",
            "img": "https://images.unsplash.com/photo-1515356956468-873dd257f911?ixlib=rb-1.2.1&ixid=eyJhcHBfaWQiOjEyMDd9&auto=format&fit=crop&w=2395&q=80",
            "cuisines": [
                "None"
            ],
            "diet": "Vegan"
        },
        {
            "name": "Linguine",
            "img": "https://images.unsplash.com/photo-1481931098730-318b6f776db0?ixlib=rb-1.2.1&ixid=eyJhcHBfaWQiOjEyMDd9&auto=format&fit=crop&w=2737&q=80",
            "cuisines": [
                "Italian"
            ],
            "diet": "Vegan"
        },
        {
            "name": "Meat",
            "img": "https://images.unsplash.com/photo-1555939594-58d7cb561ad1?ixlib=rb-1.2.1&ixid=eyJhcHBfaWQiOjEyMDd9&auto=format&fit=crop&w=2734&q=80",
            "cuisines": [
                "None"
            ],
            "diet": "None"
        },
        {
            "name": "Milk",
            "img": "https://images.unsplash.com/photo-1517448931760-9bf4414148c5?ixlib=rb-1.2.1&ixid=eyJhcHBfaWQiOjEyMDd9&auto=format&fit=crop&w=2734&q=80",
            "cuisines": [
                "None"
            ],
            "diet": "Vegetarian"
        },
        {
            "name": "Mushrooms",
            "img": "https://images.unsplash.com/photo-1504545102780-26774c1bb073?ixlib=rb-1.2.1&ixid=eyJhcHBfaWQiOjEyMDd9&auto=format&fit=crop&w=2765&q=80",
            "cuisines": [
                "None"
            ],
            "diet": "Vegan"
        },
        {
            "name": "Olive",
            "img": "https://images.unsplash.com/photo-1591122523233-22037c1dec9f?ixlib=rb-1.2.1&ixid=eyJhcHBfaWQiOjEyMDd9&auto=format&fit=crop&w=2734&q=80",
            "cuisines": [
                "Mediterranean"
            ],
            "diet": "Vegan"
        },
        {
            "name": "Oyster sauce",
            "img": "https://images.unsplash.com/photo-1571936979636-c6c5e345fb73?ixlib=rb-1.2.1&auto=format&fit=crop&w=2850&q=80",
            "cuisines": [
                "Asian",
                "Chinese",
                "Japanese",
                "Thai"
            ],
            "diet": "Pescatarian"
        },
        {
            "name": "Parmesan",
            "img": "https://images.unsplash.com/photo-1587394214315-85d8f8d6bf5c?ixlib=rb-1.2.1&ixid=eyJhcHBfaWQiOjEyMDd9&auto=format&fit=crop&w=2850&q=80",
            "cuisines": [
                "Italian"
            ],
            "diet": "Vegetarian"
        },
        {
            "name": "Pasta",
            "img": "https://images.unsplash.com/photo-1546549032-9571cd6b27df?ixlib=rb-1.2.1&ixid=eyJhcHBfaWQiOjEyMDd9&auto=format&fit=crop&w=2734&q=80",
            "cuisines": [
                "Italian"
            ],
            "diet": "Vegan"
        },
        {
            "name": "Peas",
            "img": "https://images.unsplash.com/photo-1503444786070-ab39340977f2?ixlib=rb-1.2.1&ixid=eyJhcHBfaWQiOjEyMDd9&auto=format&fit=crop&w=2100&q=80",
            "cuisines": [
                "None"
            ],
            "diet": "Vegan"
        },
        {
            "name": "Peppers",
            "img": "https://images.unsplash.com/photo-1577098093907-93abb87b29be?ixlib=rb-1.2.1&ixid=eyJhcHBfaWQiOjEyMDd9&auto=format&fit=crop&w=2448&q=80",
            "cuisines": [
                "None"
            ],
            "diet": "Vegan"
        },
        {
            "name": "Pesto",
            "img": "https://images.unsplash.com/photo-1473093295043-cdd812d0e601?ixlib=rb-1.2.1&auto=format&fit=crop&w=2850&q=80",
            "cuisines": [
                "Italian"
            ],
            "diet": "Vegan"
        },
        {
            "name": "Pork",
            "img": "https://images.unsplash.com/photo-1560883389-3bd36d16d021?ixlib=rb-1.2.1&ixid=eyJhcHBfaWQiOjEyMDd9&auto=format&fit=crop&w=2100&q=80",
            "cuisines": [
                "None"
            ],
            "diet": "None"
        },
        {
            "name": "Potato",
            "img": "https://images.unsplash.com/photo-1508313880080-c4bef0730395?ixlib=rb-1.2.1&ixid=eyJhcHBfaWQiOjEyMDd9&auto=format&fit=crop&w=2272&q=80",
            "cuisines": [
                "None"
            ],
            "diet": "Vegan"
        },
        {
            "name": "Quinoa",
            "img": "https://images.unsplash.com/photo-1586201375799-47cd24c3f595?ixlib=rb-1.2.1&ixid=eyJhcHBfaWQiOjEyMDd9&auto=format&fit=crop&w=2850&q=80",
            "cuisines": [
                "None"
            ],
            "diet": "Vegan"
        },
        {
            "name": "Rice",
            "img": "https://images.unsplash.com/photo-1516684732162-798a0062be99?ixlib=rb-1.2.1&ixid=eyJhcHBfaWQiOjEyMDd9&auto=format&fit=crop&w=2592&q=80",
            "cuisines": [
                "None"
            ],
            "diet": "Vegan"
        },
        {
            "name": "Rice Noodles",
            "img": "https://images.unsplash.com/photo-1569058242276-0bc3e078cf86?ixlib=rb-1.2.1&ixid=eyJhcHBfaWQiOjEyMDd9&auto=format&fit=crop&w=2850&q=80",
            "cuisines": [
                "Asian",
                "Chinese",
                "Japanese",
                "Thai"
            ],
            "diet": "Vegan"
        },
        {
            "name": "Salmon",
            "img": "https://images.unsplash.com/photo-1559058789-672da06263d8?ixlib=rb-1.2.1&ixid=eyJhcHBfaWQiOjEyMDd9&auto=format&fit=crop&w=2847&q=80",
            "cuisines": [
                "None"
            ],
            "diet": "Pescatarian"
        },
        {
            "name": "Sausage",
            "img": "https://images.unsplash.com/photo-1585325701165-351af916e581?ixlib=rb-1.2.1&ixid=eyJhcHBfaWQiOjEyMDd9&auto=format&fit=crop&w=2788&q=80",
            "cuisines": [
                "None"
            ],
            "diet": "None"
        },
        {
            "name": "Scallops",
            "img": "https://images.unsplash.com/photo-1580302498882-b5aa77f09b75?ixlib=rb-1.2.1&ixid=eyJhcHBfaWQiOjEyMDd9&auto=format&fit=crop&w=2850&q=80",
            "cuisines": [
                "None"
            ],
            "diet": "Pescatarian"
        },
        {
            "name": "Soy sauce",
            "img": "https://images.unsplash.com/photo-1582581720432-de83a98176ab?ixlib=rb-1.2.1&ixid=eyJhcHBfaWQiOjEyMDd9&auto=format&fit=crop&w=2850&q=80",
            "cuisines": [
                "Asian",
                "Chinese",
                "Japanese",
                "Thai"
            ],
            "diet": "Vegan"
        },
        {
            "name": "Spaghetti",
            "img": "https://images.unsplash.com/photo-1551892374-ecf8754cf8b0?ixlib=rb-1.2.1&ixid=eyJhcHBfaWQiOjEyMDd9&auto=format&fit=crop&w=2800&q=80",
            "cuisines": [
                "Italian"
            ],
            "diet": "Vegan"
        },
        {
            "name": "Spinach",
            "img": "https://images.unsplash.com/photo-1574316071802-0d684efa7bf5?ixlib=rb-1.2.1&auto=format&fit=crop&w=2775&q=80",
            "cuisines": [
                "None"
            ],
            "diet": "Vegan"
        },
        {
            "name": "Squash",
            "img": "https://images.unsplash.com/photo-1591578954582-dc4a81447c6c?ixlib=rb-1.2.1&ixid=eyJhcHBfaWQiOjEyMDd9&auto=format&fit=crop&w=2767&q=80",
            "cuisines": [
                "None"
            ],
            "diet": "Vegan"
        },
        {
            "name": "Sweet potato",
            "img": "https://images.unsplash.com/photo-1576458634550-157c96efa950?ixlib=rb-1.2.1&ixid=eyJhcHBfaWQiOjEyMDd9&auto=format&fit=crop&w=2734&q=80",
            "cuisines": [
                "None"
            ],
            "diet": "Vegan"
        },
        {
            "name": "Tofu",
            "img": "https://images.unsplash.com/photo-1588166524941-3bf61a9c41db?ixlib=rb-1.2.1&ixid=eyJhcHBfaWQiOjEyMDd9&auto=format&fit=crop&w=2731&q=80",
            "cuisines": [
                "Asian",
                "Chinese",
                "Japanese",
                "Thai"
            ],
            "diet": "Vegan"
        },
        {
            "name": "Tomato",
            "img": "https://images.unsplash.com/photo-1546094096-0df4bcaaa337?ixlib=rb-1.2.1&auto=format&fit=crop&w=2852&q=80",
            "cuisines": [
                "None"
            ],
            "diet": "Vegan"
        },
        {
            "name": "Tortilla",
            "img": "https://images.unsplash.com/photo-1583898791652-5e8b960710bd?ixlib=rb-1.2.1&ixid=eyJhcHBfaWQiOjEyMDd9&auto=format&fit=crop&w=2850&q=80",
            "cuisines": [
                "Mexican",
                "Southwestern"
            ],
            "diet": "Vegan"
        },
        {
            "name": "Turkey",
            "img": "https://images.unsplash.com/photo-1501200291289-c5a76c232e5f?ixlib=rb-1.2.1&ixid=eyJhcHBfaWQiOjEyMDd9&auto=format&fit=crop&w=2781&q=80",
            "cuisines": [
                "None"
            ],
            "diet": "None"
        },
        {
            "name": "Vegetable broth",
            "img": "https://images.unsplash.com/photo-1512003867696-6d5ce6835040?ixlib=rb-1.2.1&ixid=eyJhcHBfaWQiOjEyMDd9&auto=format&fit=crop&w=2850&q=80",
            "cuisines": [
                "None"
            ],
            "diet": "Vegan"
        },
        {
            "name": "Yogurt",
            "img": "https://images.unsplash.com/photo-1571212515416-fef01fc43637?ixlib=rb-1.2.1&auto=format&fit=crop&w=930&q=80",
            "cuisines": [
                "None"
            ],
            "diet": "Vegetarian"
        },
        {
            "name": "Zucchini",
            "img": "https://images.unsplash.com/photo-1580294672673-4fbda48428be?ixlib=rb-1.2.1&ixid=eyJhcHBfaWQiOjEyMDd9&auto=format&fit=crop&w=2250&q=80",
            "cuisines": [
                "None"
            ],
            "diet": "Vegan"
        },
        {
            "name": "Cashews",
            "img": "https://images.unsplash.com/photo-1509912760195-4f6cfd8cce2c?ixlib=rb-1.2.1&ixid=eyJhcHBfaWQiOjEyMDd9&auto=format&fit=crop&w=2250&q=80",
            "cuisines": [
                "None"
            ],
            "diet": "Vegan"
        },
        {
            "name": "Coconut milk",
            "img": "https://images.unsplash.com/photo-1588413335367-e49d32c5b50b?ixlib=rb-1.2.1&ixid=eyJhcHBfaWQiOjEyMDd9&auto=format&fit=crop&w=2434&q=80",
            "cuisines": [
                "Thai"
            ],
            "diet": "Vegan"
        },
        {
            "name": "Vegetables",
            "img": "https://images.unsplash.com/photo-1557844352-761f2565b576?ixlib=rb-1.2.1&ixid=eyJhcHBfaWQiOjEyMDd9&auto=format&fit=crop&w=2250&q=80",
            "cuisines": [
                "None"
            ],
            "diet": "Vegan"
        },
        {
            "name": "Yam",
            "img": "https://images.unsplash.com/photo-1584699006710-3ad3b82fce7f?ixlib=rb-1.2.1&ixid=eyJhcHBfaWQiOjEyMDd9&auto=format&fit=crop&w=2250&q=80",
            "cuisines": [
                "None"
            ],
            "diet": "Vegan"
        },
        {
            "name": "Eggplant",
            "img": "https://images.unsplash.com/photo-1528825950832-560a4a11473a?ixlib=rb-1.2.1&ixid=eyJhcHBfaWQiOjEyMDd9&auto=format&fit=crop&w=2200&q=80",
            "cuisines": [
                "None"
            ],
            "diet": "Vegan"
        },
        {
            "name": "Noodles",
            "img": "https://images.unsplash.com/photo-1552611052-33e04de081de?ixlib=rb-1.2.1&ixid=eyJhcHBfaWQiOjEyMDd9&auto=format&fit=crop&w=1300&q=80",
            "cuisines": [
                "Asian",
                "Chinese",
                "Japanese",
                "Thai"
            ],
            "diet": "Vegan"
        },
        {
            "name": "Butter",
            "img": "https://images.unsplash.com/photo-1589985270826-4b7bb135bc9d?ixlib=rb-1.2.1&ixid=eyJhcHBfaWQiOjEyMDd9&auto=format&fit=crop&w=2250&q=80",
            "cuisines": [
                "None"
            ],
            "diet": "Vegetarian"
        },
        {
            "name": "Green Onion",
            "img": "https://images.unsplash.com/photo-1533802150735-4893270fc771?ixlib=rb-1.2.1&ixid=eyJhcHBfaWQiOjEyMDd9&auto=format&fit=crop&w=2250&q=80",
            "cuisines": [
                "None"
            ],
            "diet": "Vegan"
        },
        {
            "name": "Basil",
            "img": "https://images.unsplash.com/photo-1527964105263-1ac6265a569f?ixlib=rb-1.2.1&ixid=eyJhcHBfaWQiOjEyMDd9&auto=format&fit=crop&w=2250&q=80",
            "cuisines": [
                "Italian",
                "Thai"
            ],
            "diet": "Vegan"
        },
        {
            "name": "Seafood",
            "img": "https://images.unsplash.com/photo-1539586345401-51d5bfba7ac0?ixlib=rb-1.2.1&ixid=eyJhcHBfaWQiOjEyMDd9&auto=format&fit=crop&w=2250&q=80",
            "cuisines": [
                "None"
            ],
            "diet": "Pescatarian"
        },
        {
            "name": "Shrimp",
            "img": "https://images.unsplash.com/photo-1568254500745-c879851c30fe?ixlib=rb-1.2.1&ixid=eyJhcHBfaWQiOjEyMDd9&auto=format&fit=crop&w=2250&q=80",
            "cuisines": [
                "None"
            ],
            "diet": "Pescatarian"
        },
    ],
    "dishes": [
        {
            "name": "Crepes",
            "cuisine": "French",
            "img": "https://images.unsplash.com/photo-1515467837915-15c4777ba46a?ixlib=rb-1.2.1&ixid=eyJhcHBfaWQiOjEyMDd9&auto=format&fit=crop&w=2853&q=80",
            "diet": "Vegetarian"
        },
        {
            "name": "Pancakes",
            "cuisine": "American",
            "img": "https://images.unsplash.com/photo-1541288097308-7b8e3f58c4c6?ixlib=rb-1.2.1&ixid=eyJhcHBfaWQiOjEyMDd9&auto=format&fit=crop&w=2850&q=80",
            "diet": "Vegetarian"
        },
        {
            "name": "Bowls",
            "cuisine": "American",
            "img": "https://images.unsplash.com/photo-1533244769204-d345e73a30c1?ixlib=rb-1.2.1&ixid=eyJhcHBfaWQiOjEyMDd9&auto=format&fit=crop&w=1890&q=80",
            "diet": "Vegan"
        },
        {
            "name": "Pad Thai",
            "cuisine": "Thai",
            "img": "https://images.unsplash.com/photo-1559314809-0d155014e29e?ixlib=rb-1.2.1&ixid=eyJhcHBfaWQiOjEyMDd9&auto=format&fit=crop&w=2850&q=80",
            "diet": "Vegan"
        },
        {
            "name": "Lasagna",
            "cuisine": "Italian",
            "img": "https://images.unsplash.com/photo-1581904243918-7aac00cefed2?ixlib=rb-1.2.1&ixid=eyJhcHBfaWQiOjEyMDd9&auto=format&fit=crop&w=933&q=80",
            "diet": "Vegan"
        },
        {
            "name": "Fried Rice",
            "cuisine": "Asian",
            "img": "https://images.unsplash.com/photo-1584269600464-37b1b58a9fe7?ixlib=rb-1.2.1&ixid=eyJhcHBfaWQiOjEyMDd9&auto=format&fit=crop&w=2851&q=80",
            "diet": "Vegetarian"
        },
        {
            "name": "Burritos",
            "cuisine": "Mexican",
            "img": "https://images.unsplash.com/photo-1566740933430-b5e70b06d2d5?ixlib=rb-1.2.1&ixid=eyJhcHBfaWQiOjEyMDd9&auto=format&fit=crop&w=2100&q=80",
            "diet": "Vegan"
        },
        {
            "name": "Toasts",
            "cuisine": "American",
            "img": "https://images.unsplash.com/photo-1525351484163-7529414344d8?ixlib=rb-1.2.1&ixid=eyJhcHBfaWQiOjEyMDd9&auto=format&fit=crop&w=1400&q=80",
            "diet": "Vegan"
        },
        {
            "name": "Kebabs",
            "cuisine": "Mediterranean",
            "img": "https://images.unsplash.com/photo-1559551082-3d2a032a03e3?ixlib=rb-1.2.1&ixid=eyJhcHBfaWQiOjEyMDd9&auto=format&fit=crop&w=2852&q=80",
            "diet": "None"
        },
        {
            "name": "Dumplings",
            "cuisine": "Chinese",
            "img": "https://images.unsplash.com/photo-1563245372-f21724e3856d?ixlib=rb-1.2.1&ixid=eyJhcHBfaWQiOjEyMDd9&auto=format&fit=crop&w=2858&q=80",
            "diet": "None"
        },
        {
            "name": "Ravioli",
            "cuisine": "Italian",
            "img": "https://images.unsplash.com/photo-1587740908075-9e245070dfaa?ixlib=rb-1.2.1&ixid=eyJhcHBfaWQiOjEyMDAxNX0&auto=format&fit=crop&w=975&q=80",
            "diet": "Vegetarian"
        },
        {
            "name": "Tortellini",
            "cuisine": "Italian",
            "img": "https://images.unsplash.com/photo-1484325881845-65073528922e?ixlib=rb-1.2.1&auto=format&fit=crop&w=2100&q=80",
            "diet": "Vegetarian"
        },
        {
            "name": "Guacamole",
            "cuisine": "Mexican",
            "img": "https://images.unsplash.com/photo-1523634700860-90d0ef74f137?ixlib=rb-1.2.1&ixid=eyJhcHBfaWQiOjEyMDd9&auto=format&fit=crop&w=2725&q=80",
            "diet": "Vegan"
        },
        {
            "name": "Salads",
            "cuisine": "American",
            "img": "https://images.unsplash.com/photo-1578687388049-079580e6eb2d?ixlib=rb-1.2.1&ixid=eyJhcHBfaWQiOjEyMDd9&auto=format&fit=crop&w=2100&q=80",
            "diet": "Vegan"
        },
        {
            "name": "Couscous",
            "cuisine": "Mediterranean",
            "img": "https://images.unsplash.com/photo-1519996409144-56c88c9aa612?ixlib=rb-1.2.1&ixid=eyJhcHBfaWQiOjEyMDd9&auto=format&fit=crop&w=934&q=80",
            "diet": "Vegan"
        },
        {
            "name": "Huevos Rancheros",
            "cuisine": "Southwestern",
            "img": "https://images.unsplash.com/photo-1585975754487-25489eabf36a?ixlib=rb-1.2.1&auto=format&fit=crop&w=934&q=80",
            "diet": "Vegetarian"
        },
        {
            "name": "Pizza",
            "cuisine": "Mediterranean",
            "img": "https://images.unsplash.com/photo-1565299624946-b28f40a0ae38?ixlib=rb-1.2.1&ixid=eyJhcHBfaWQiOjEyMDd9&auto=format&fit=crop&w=2814&q=80",
            "diet": "Vegetarian"
        },
        {
            "name": "Chicken Curry",
            "cuisine": "Indian",
            "img": "https://images.unsplash.com/photo-1588166524941-3bf61a9c41db?ixlib=rb-1.2.1&ixid=eyJhcHBfaWQiOjEyMDd9&auto=format&fit=crop&w=931&q=80",
            "diet": "None"
        },
        {
            "name": "Fettuccine",
            "cuisine": "Italian",
            "img": "https://images.unsplash.com/photo-1551631759-96b8377f491c?ixlib=rb-1.2.1&ixid=eyJhcHBfaWQiOjEyMDd9&auto=format&fit=crop&w=1920&q=80",
            "diet": "Vegetarian"
        },
        {
            "name": "Ramen",
            "cuisine": "Japanese",
            "img": "https://images.unsplash.com/photo-1591325418441-ff678baf78ef?ixlib=rb-1.2.1&ixid=eyJhcHBfaWQiOjEyMDd9&auto=format&fit=crop&w=1867&q=80",
            "diet": "None"
        },
        {
            "name": "Sandwiches",
            "cuisine": "American",
            "img": "https://images.unsplash.com/photo-1540713434306-58505cf1b6fc?ixlib=rb-1.2.1&auto=format&fit=crop&w=2734&q=80",
            "diet": "Vegan"
        },
        {
            "name": "Quesadillas",
            "cuisine": "Mexican",
            "img": "https://images.unsplash.com/photo-1573010288252-e958ff11effc?ixlib=rb-1.2.1&ixid=eyJhcHBfaWQiOjEyMDd9&auto=format&fit=crop&w=934&q=80",
            "diet": "Vegetarian"
        },
        {
            "name": "Eggs",
            "cuisine": "American",
            "img": "https://images.unsplash.com/photo-1582169505937-b9992bd01ed9?ixlib=rb-1.2.1&auto=format&fit=crop&w=1898&q=80",
            "diet": "Vegetarian"
        },
        {
            "name": "Tikka Masala",
            "cuisine": "Indian",
            "img": "https://upload.wikimedia.org/wikipedia/commons/6/61/Homemade_chicken_tikka_masala.jpg",
            "diet": "Vegan"
        },
        {
            "name": "Noodles",
            "cuisine": "Chinese",
            "img": "https://images.unsplash.com/photo-1551183053-bf91a1d81141?ixlib=rb-1.2.1&ixid=eyJhcHBfaWQiOjEyMDd9&auto=format&fit=crop&w=2806&q=80",
            "diet": "Vegan"
        },
        {
            "name": "Risotto",
            "cuisine": "Italian",
            "img": "https://images.unsplash.com/photo-1461009683693-342af2f2d6ce?ixlib=rb-1.2.1&ixid=eyJhcHBfaWQiOjEyMDd9&auto=format&fit=crop&w=2062&q=80",
            "diet": "Vegan"
        },
        {
            "name": "Chorizo",
            "cuisine": "Southwestern",
            "img": "https://images.unsplash.com/photo-1529241160658-a8a2a0d86620?ixlib=rb-1.2.1&ixid=eyJhcHBfaWQiOjEyMjF9&auto=format&fit=crop&w=2100&q=80",
            "diet": "None"
        },
        {
            "name": "Tortillas",
            "cuisine": "Southwestern",
            "img": "https://images.unsplash.com/photo-1545505005-0a09f804dcf6?ixlib=rb-1.2.1&ixid=eyJhcHBfaWQiOjEyMDd9&auto=format&fit=crop&w=2100&q=80",
            "diet": "Vegan"
        },
        {
            "name": "Grilled Cheese",
            "cuisine": "American",
            "img": "https://images.unsplash.com/photo-1528736235302-52922df5c122?ixlib=rb-1.2.1&ixid=eyJhcHBfaWQiOjEyMDd9&auto=format&fit=crop&w=2844&q=80",
            "diet": "Vegetarian"
        },
        {
            "name": "Tacos",
            "cuisine": "Mexican",
            "img": "https://images.unsplash.com/photo-1551504734-5ee1c4a1479b?ixlib=rb-1.2.1&ixid=eyJhcHBfaWQiOjEyMDd9&auto=format&fit=crop&w=2100&q=80",
            "diet": "Vegan"
        }
    ],
    "cuisines": [
        {
            "name": "American",
            "img": "https://images.unsplash.com/photo-1466978913421-dad2ebd01d17?ixlib=rb-1.2.1&ixid=eyJhcHBfaWQiOjEyMDd9&auto=format&fit=crop&w=2767&q=80"
        },
        {
            "name": "Chinese",
            "img": "https://images.unsplash.com/photo-1563245372-f21724e3856d?ixlib=rb-1.2.1&ixid=eyJhcHBfaWQiOjEyMDd9&auto=format&fit=crop&w=2858&q=80"
        },
        {
            "name": "French",
            "img": "https://images.unsplash.com/photo-1571157577110-493b325fdd3d?ixlib=rb-1.2.1&ixid=eyJhcHBfaWQiOjEyMDd9&auto=format&fit=crop&w=2734&q=80"
        },
        {
            "name": "Indian",
            "img": "https://images.unsplash.com/photo-1565557623262-b51c2513a641?ixlib=rb-1.2.1&ixid=eyJhcHBfaWQiOjEyMDd9&auto=format&fit=crop&w=2724&q=80"
        },
        {
            "name": "Italian",
            "img": "https://images.unsplash.com/photo-1555072956-7758afb20e8f?ixlib=rb-1.2.1&ixid=eyJhcHBfaWQiOjEyMDd9&auto=format&fit=crop&w=2734&q=80"
        },
        {
            "name": "Mexican",
            "img": "https://images.unsplash.com/photo-1582234372722-50d7ccc30ebd?ixlib=rb-1.2.1&ixid=eyJhcHBfaWQiOjEyMDd9&auto=format&fit=crop&w=2800&q=80"
        },
        {
            "name": "Southwestern",
            "img": "https://images.unsplash.com/photo-1586561945641-98a839abd3f7?ixlib=rb-1.2.1&ixid=eyJhcHBfaWQiOjEyMDd9&auto=format&fit=crop&w=2100&q=80"
        },
        {
            "name": "Thai",
            "img": "https://images.unsplash.com/photo-1562565651-7d4948f339eb?ixlib=rb-1.2.1&ixid=eyJhcHBfaWQiOjEyMDd9&auto=format&fit=crop&w=2689&q=80"
        },
        {
            "name": "Asian",
            "img": "https://images.unsplash.com/photo-1496116218417-1a781b1c416c?ixlib=rb-1.2.1&auto=format&fit=crop&w=2100&q=80"
        }
    ]
}